-- SCRIPT DE PEUPLEMENT DE DONNÉES

-- 1. NETTOYAGE PRÉALABLE (Pour éviter les doublons si ré-exécution)
/*
DELETE FROM AFFECTATION;
DELETE FROM FREQUENTATION_ZONE;
DELETE FROM CONTENEUR;
DELETE FROM FACTURE;
DELETE FROM BILLET;
DELETE FROM OPERATION;
DELETE FROM CARGAISON;
DELETE FROM ESCALE;
DELETE FROM RESERVATION;
DELETE FROM PASSAGER;
DELETE FROM ZONE_PECHE;
DELETE FROM NAVIRE_PECHE;
DELETE FROM NAVIRE_PASSAGER;
DELETE FROM NAVIRE_COMMERCE;
DELETE FROM NAVIRE;
DELETE FROM QUAI;
DELETE FROM EMPLOYE;
DELETE FROM FACTURE;
COMMIT;
*/

SET DEFINE OFF;

-- ============================================================
-- 2. INFRASTRUCTURE (QUAI & ZONES)
-- ============================================================
INSERT INTO QUAI (ID_QUAI, NOM, LONGUEUR_MAX, PROFONDEUR_BASSIN, CAPACITE_TONNAGE) VALUES (1, 'Quai TC1 - Conteneurs Est', 800.0, 18.0, 200000.0);
INSERT INTO QUAI (ID_QUAI, NOM, LONGUEUR_MAX, PROFONDEUR_BASSIN, CAPACITE_TONNAGE) VALUES (2, 'Quai Roulier (RoRo)', 300.0, 12.0, 50000.0);
INSERT INTO QUAI (ID_QUAI, NOM, LONGUEUR_MAX, PROFONDEUR_BASSIN, CAPACITE_TONNAGE) VALUES (3, 'Quai Passagers - Ferries', 250.0, 10.0, 30000.0);
INSERT INTO QUAI (ID_QUAI, NOM, LONGUEUR_MAX, PROFONDEUR_BASSIN, CAPACITE_TONNAGE) VALUES (4, 'Quai Vrac Céréalier', 400.0, 14.0, 60000.0);
INSERT INTO QUAI (ID_QUAI, NOM, LONGUEUR_MAX, PROFONDEUR_BASSIN, CAPACITE_TONNAGE) VALUES (5, 'Terminal Hydrocarbures', 500.0, 20.0, 300000.0);
-- Zones de Pêche (Atlantique et Méditerranée)
INSERT INTO ZONE_PECHE (ID_ZONE, NOM, COORDONNEES_GEO) VALUES (1, 'Zone Cap Spartel (Atlantique)', '35.79 N, 5.92 W');
INSERT INTO ZONE_PECHE (ID_ZONE, NOM, COORDONNEES_GEO) VALUES (2, 'Zone Detroit Gibraltar', '35.95 N, 5.60 W');
INSERT INTO ZONE_PECHE (ID_ZONE, NOM, COORDONNEES_GEO) VALUES (3, 'Baie de Tanger (Mediterranee)', '35.78 N, 5.80 W');
INSERT INTO ZONE_PECHE (ID_ZONE, NOM, COORDONNEES_GEO) VALUES (4, 'Zone Larache (Grand Large)', '35.20 N, 6.15 W');

-- ============================================================
-- 3. NAVIRES (FLOTTE)
-- ============================================================

-- Navires Commerce
INSERT INTO NAVIRE (ID_NAVIRE, NOM, NUM_IMO, PAVILLON, LONGUEUR, TIRANT_EAU) VALUES (100, 'CMA CGM TANGER', 'IMO9454436', 'Maroc', 299.0, 14.5);
INSERT INTO NAVIRE_COMMERCE (ID_NAVIRE, TONNAGE_MAX, CAPACITE_CONTENEURS) VALUES (100, 120000.0, 9000);

INSERT INTO NAVIRE (ID_NAVIRE, NOM, NUM_IMO, PAVILLON, LONGUEUR, TIRANT_EAU) VALUES (400, 'MAERSK TANGER', 'IMO9778881', 'Danemark', 399.0, 16.0);
INSERT INTO NAVIRE_COMMERCE (ID_NAVIRE, TONNAGE_MAX, CAPACITE_CONTENEURS) VALUES (400, 200000.0, 18000);

INSERT INTO NAVIRE (ID_NAVIRE, NOM, NUM_IMO, PAVILLON, LONGUEUR, TIRANT_EAU) VALUES (401, 'AL JAMEL', 'IMO9400000', 'Liberia', 366.0, 15.5);
INSERT INTO NAVIRE_COMMERCE (ID_NAVIRE, TONNAGE_MAX, CAPACITE_CONTENEURS) VALUES (401, 150000.0, 13000);

INSERT INTO NAVIRE (ID_NAVIRE, NOM, NUM_IMO, PAVILLON, LONGUEUR, TIRANT_EAU) VALUES (402, 'TITAN ENERGY', 'IMO9991111', 'Grece', 330.0, 19.5);
INSERT INTO NAVIRE_COMMERCE (ID_NAVIRE, TONNAGE_MAX, CAPACITE_CONTENEURS) VALUES (402, 300000.0, 0);

INSERT INTO NAVIRE (ID_NAVIRE, NOM, NUM_IMO, PAVILLON, LONGUEUR, TIRANT_EAU) VALUES (700, 'NEPTUNE HORIZON', 'IMO9451234', 'Malte', 170.0, 8.5);
INSERT INTO NAVIRE_COMMERCE (ID_NAVIRE, TONNAGE_MAX, CAPACITE_CONTENEURS) VALUES (700, 45000.0, 0); 

INSERT INTO NAVIRE (ID_NAVIRE, NOM, NUM_IMO, PAVILLON, LONGUEUR, TIRANT_EAU) VALUES (701, 'STAR GRACE', 'IMO9876543', 'Panama', 229.0, 13.5);
INSERT INTO NAVIRE_COMMERCE (ID_NAVIRE, TONNAGE_MAX, CAPACITE_CONTENEURS) VALUES (701, 80000.0, 0);

-- Navires Passagers
INSERT INTO NAVIRE (ID_NAVIRE, NOM, NUM_IMO, PAVILLON, LONGUEUR, TIRANT_EAU) VALUES (200, 'GNV ATLAS', 'IMO8712520', 'Italie', 160.0, 7.5);
INSERT INTO NAVIRE_PASSAGER (ID_NAVIRE, CAPACITE_PASSAGERS, NB_CABINES) VALUES (200, 2000, 400);

INSERT INTO NAVIRE (ID_NAVIRE, NOM, NUM_IMO, PAVILLON, LONGUEUR, TIRANT_EAU) VALUES (500, 'BALEARIA PALMA', 'IMO888222', 'Espagne', 180.0, 6.5);
INSERT INTO NAVIRE_PASSAGER (ID_NAVIRE, CAPACITE_PASSAGERS, NB_CABINES) VALUES (500, 1500, 300);

-- Navires Pêche
INSERT INTO NAVIRE (ID_NAVIRE, NOM, NUM_IMO, PAVILLON, LONGUEUR, TIRANT_EAU) VALUES (300, 'LE RIF', 'IMO1234567', 'Maroc', 25.0, 3.0);
INSERT INTO NAVIRE_PECHE (ID_NAVIRE, CAPACITE_STOCKAGE, TYPE_PECHE) VALUES (300, 50.0, 'Chalutier');

INSERT INTO NAVIRE (ID_NAVIRE, NOM, NUM_IMO, PAVILLON, LONGUEUR, TIRANT_EAU) VALUES (600, 'AL BARAKA', 'IMO555666', 'Maroc', 18.0, 2.5);
INSERT INTO NAVIRE_PECHE (ID_NAVIRE, CAPACITE_STOCKAGE, TYPE_PECHE) VALUES (600, 20.0, 'Sardinier');

-- Association Zone Pêche
INSERT INTO FREQUENTATION_ZONE (NAVIRE_PECHE_ID_NAVIRE, ZONES_ID_ZONE) VALUES (300, 1);
INSERT INTO FREQUENTATION_ZONE (NAVIRE_PECHE_ID_NAVIRE, ZONES_ID_ZONE) VALUES (300, 2);
INSERT INTO FREQUENTATION_ZONE (NAVIRE_PECHE_ID_NAVIRE, ZONES_ID_ZONE) VALUES (600, 1);

-- ============================================================
-- 4. RESSOURCES HUMAINES
-- ============================================================
INSERT INTO EMPLOYE (ID_EMPLOYE, MATRICULE, NOM, PRENOM, EMAIL, TELEPHONE, POSTE, STATUT, TAUX_HORAIRE, DATE_EMBAUCHE, ID_SUPERIEUR) 
VALUES (1, 'DIR-001', 'EL AMRANI', 'Karim', 'k.amrani@port.ma', '+212661000001', 'Directeur du Port', 'Actif', 500.00, TO_DATE('2015-01-01', 'YYYY-MM-DD'), NULL);

INSERT INTO EMPLOYE (ID_EMPLOYE, MATRICULE, NOM, PRENOM, EMAIL, TELEPHONE, POSTE, STATUT, TAUX_HORAIRE, DATE_EMBAUCHE, ID_SUPERIEUR) 
VALUES (2, 'OPS-010', 'BENJELLOUN', 'Sara', 's.benjelloun@port.ma', '+212661000002', 'Chef des Operations', 'Actif', 250.00, TO_DATE('2018-03-15', 'YYYY-MM-DD'), 1);

INSERT INTO EMPLOYE (ID_EMPLOYE, MATRICULE, NOM, PRENOM, EMAIL, TELEPHONE, POSTE, STATUT, TAUX_HORAIRE, DATE_EMBAUCHE, ID_SUPERIEUR) 
VALUES (3, 'FIN-010', 'TAZI', 'Mehdi', 'm.tazi@port.ma', '+212661000003', 'Chef Comptable', 'Actif', 200.00, TO_DATE('2019-06-01', 'YYYY-MM-DD'), 1);

INSERT INTO EMPLOYE (ID_EMPLOYE, MATRICULE, NOM, PRENOM, EMAIL, TELEPHONE, POSTE, STATUT, TAUX_HORAIRE, DATE_EMBAUCHE, ID_SUPERIEUR) 
VALUES (4, 'DCK-101', 'CHRAIBI', 'Youssef', NULL, '+212600111111', 'Grutier', 'Actif', 80.00, TO_DATE('2020-01-10', 'YYYY-MM-DD'), 2);

INSERT INTO EMPLOYE (ID_EMPLOYE, MATRICULE, NOM, PRENOM, EMAIL, TELEPHONE, POSTE, STATUT, TAUX_HORAIRE, DATE_EMBAUCHE, ID_SUPERIEUR) 
VALUES (5, 'DCK-102', 'ALAMI', 'Rachid', NULL, '+212600222222', 'Docker', 'Actif', 60.00, TO_DATE('2021-05-20', 'YYYY-MM-DD'), 2);

INSERT INTO EMPLOYE (ID_EMPLOYE, MATRICULE, NOM, PRENOM, EMAIL, TELEPHONE, POSTE, STATUT, TAUX_HORAIRE, DATE_EMBAUCHE, ID_SUPERIEUR) 
VALUES (6, 'SEC-001', 'MANSOURI', 'Hicham', NULL, '+212600333333', 'Agent Securite', 'Actif', 50.00, TO_DATE('2022-01-01', 'YYYY-MM-DD'), 2);

INSERT INTO EMPLOYE (ID_EMPLOYE, MATRICULE, NOM, PRENOM, EMAIL, TELEPHONE, POSTE, STATUT, TAUX_HORAIRE, DATE_EMBAUCHE, ID_SUPERIEUR) 
VALUES (7, 'LOG-001', 'IDRISSI', 'Layla', 'l.idrissi@port.ma', '+212600444444', 'Planificatrice', 'Conge', 120.00, TO_DATE('2023-01-15', 'YYYY-MM-DD'), 2);

INSERT INTO EMPLOYE (ID_EMPLOYE, MATRICULE, NOM, PRENOM, EMAIL, TELEPHONE, POSTE, STATUT, TAUX_HORAIRE, DATE_EMBAUCHE, ID_SUPERIEUR) 
VALUES (8, 'MEC-001', 'OUAZZANI', 'Ahmed', NULL, '+212600555555', 'Mecanicien', 'Actif', 90.00, TO_DATE('2019-11-01', 'YYYY-MM-DD'), 2);

INSERT INTO EMPLOYE (ID_EMPLOYE, MATRICULE, NOM, PRENOM, EMAIL, TELEPHONE, POSTE, STATUT, TAUX_HORAIRE, DATE_EMBAUCHE, ID_SUPERIEUR) 
VALUES (9, 'LAM-001', 'BERRADA', 'Omar', NULL, '+212600666666', 'Lamaneur', 'Actif', 55.00, TO_DATE('2023-06-01', 'YYYY-MM-DD'), 2);

INSERT INTO EMPLOYE (ID_EMPLOYE, MATRICULE, NOM, PRENOM, EMAIL, TELEPHONE, POSTE, STATUT, TAUX_HORAIRE, DATE_EMBAUCHE, ID_SUPERIEUR) 
VALUES (20, 'OPS-020', 'KABBAJ', 'Omar', 'o.kabbaj@port.ma', '+212661999888', 'Chef Equipe Nuit', 'Actif', 180.00, TO_DATE('2021-09-01', 'YYYY-MM-DD'), 2);

INSERT INTO EMPLOYE (ID_EMPLOYE, MATRICULE, NOM, PRENOM, EMAIL, TELEPHONE, POSTE, STATUT, TAUX_HORAIRE, DATE_EMBAUCHE, ID_SUPERIEUR) 
VALUES (21, 'DCK-201', 'HASSANI', 'Khalid', NULL, '+212600777111', 'Conducteur Engin', 'Actif', 95.00, TO_DATE('2022-02-15', 'YYYY-MM-DD'), 20);

INSERT INTO EMPLOYE (ID_EMPLOYE, MATRICULE, NOM, PRENOM, EMAIL, TELEPHONE, POSTE, STATUT, TAUX_HORAIRE, DATE_EMBAUCHE, ID_SUPERIEUR) 
VALUES (22, 'DCK-202', 'RAHMANI', 'Bilal', NULL, '+212600777222', 'Docker', 'Actif', 70.00, TO_DATE('2023-05-10', 'YYYY-MM-DD'), 20);

-- ============================================================
-- 5. FLUX MÉTIER (RESERVATIONS & ESCALES)
-- ============================================================

-- Scénario 1 : Import CMA CGM (Terminé, Payé)
INSERT INTO RESERVATION (ID_RESERVATION, DATE_DEMANDE, DATE_DEBUT_SOUHAITEE, DATE_FIN_SOUHAITEE, MOTIF, PRIORITE, STATUT, ID_NAVIRE)
VALUES (10, SYSTIMESTAMP-10, SYSTIMESTAMP-2, SYSTIMESTAMP-1, 'Dechargement Conteneurs', 'Normale', 'Confirmee', 100);

INSERT INTO ESCALE (ID_ESCALE, NUM_REFERENCE, DATE_ARRIVEE_PREVUE, DATE_ARRIVEE_REELLE, DATE_DEPART_PREVUE, DATE_DEPART_REELLE, STATUT_ESCALE, TIRANT_EAU_ENTREE, TIRANT_EAU_SORTIE, ID_NAVIRE, ID_QUAI, ID_RESERVATION)
VALUES (500, 'ESC-2024-CMA-01', SYSTIMESTAMP-2, SYSTIMESTAMP-2, SYSTIMESTAMP-1, SYSTIMESTAMP-1, 'Terminee', 14.0, 12.0, 100, 1, 10);

INSERT INTO FACTURE (ID_FACTURE, MONTANT_TOTAL, DATE_EMISSION, DATE_ECHEANCE, STATUT_PAIEMENT, ID_ESCALE)
VALUES (1000, 45000.00, SYSTIMESTAMP-1, SYSTIMESTAMP+30, 'En attente', 500);

-- Scénario 2 : Ferry GNV (En cours)
INSERT INTO RESERVATION (ID_RESERVATION, DATE_DEMANDE, DATE_DEBUT_SOUHAITEE, DATE_FIN_SOUHAITEE, MOTIF, PRIORITE, STATUT, ID_NAVIRE)
VALUES (20, SYSTIMESTAMP-5, SYSTIMESTAMP, SYSTIMESTAMP+1, 'Transport Passagers', 'Urgente', 'Confirmee', 200);

INSERT INTO ESCALE (ID_ESCALE, NUM_REFERENCE, DATE_ARRIVEE_PREVUE, DATE_ARRIVEE_REELLE, DATE_DEPART_PREVUE, DATE_DEPART_REELLE, STATUT_ESCALE, TIRANT_EAU_ENTREE, TIRANT_EAU_SORTIE, ID_NAVIRE, ID_QUAI, ID_RESERVATION)
VALUES (501, 'ESC-2024-GNV-02', SYSTIMESTAMP, SYSTIMESTAMP, SYSTIMESTAMP+1, NULL, 'En cours', 7.5, NULL, 200, 3, 20);

-- Scénario 3 : Export Agrumes Maersk (En cours)
INSERT INTO RESERVATION (ID_RESERVATION, DATE_DEMANDE, DATE_DEBUT_SOUHAITEE, DATE_FIN_SOUHAITEE, MOTIF, PRIORITE, STATUT, ID_NAVIRE)
VALUES (30, SYSTIMESTAMP-5, SYSTIMESTAMP, SYSTIMESTAMP+2, 'Export Agrumes Saison', 'Urgente', 'Confirmee', 400);

INSERT INTO ESCALE (ID_ESCALE, NUM_REFERENCE, DATE_ARRIVEE_PREVUE, DATE_ARRIVEE_REELLE, DATE_DEPART_PREVUE, DATE_DEPART_REELLE, STATUT_ESCALE, TIRANT_EAU_ENTREE, TIRANT_EAU_SORTIE, ID_NAVIRE, ID_QUAI, ID_RESERVATION)
VALUES (502, 'ESC-2024-AGR-MAR', SYSTIMESTAMP, SYSTIMESTAMP, SYSTIMESTAMP+2, NULL, 'En cours', 15.0, NULL, 400, 1, 30);

-- Scénario 4 : Import Pétrole Titan (Terminé, cher)
INSERT INTO RESERVATION (ID_RESERVATION, DATE_DEMANDE, DATE_DEBUT_SOUHAITEE, DATE_FIN_SOUHAITEE, MOTIF, PRIORITE, STATUT, ID_NAVIRE)
VALUES (40, SYSTIMESTAMP-20, SYSTIMESTAMP-10, SYSTIMESTAMP-8, 'Import Brut', 'Normale', 'Confirmee', 402);

INSERT INTO ESCALE (ID_ESCALE, NUM_REFERENCE, DATE_ARRIVEE_PREVUE, DATE_ARRIVEE_REELLE, DATE_DEPART_PREVUE, DATE_DEPART_REELLE, STATUT_ESCALE, TIRANT_EAU_ENTREE, TIRANT_EAU_SORTIE, ID_NAVIRE, ID_QUAI, ID_RESERVATION)
VALUES (503, 'ESC-2024-OIL-001', SYSTIMESTAMP-10, SYSTIMESTAMP-10, SYSTIMESTAMP-8, SYSTIMESTAMP-8, 'Terminee', 19.5, 12.0, 402, 5, 40);

INSERT INTO FACTURE (ID_FACTURE, MONTANT_TOTAL, DATE_EMISSION, DATE_ECHEANCE, STATUT_PAIEMENT, ID_ESCALE)
VALUES (1001, 150000.00, SYSTIMESTAMP-8, SYSTIMESTAMP+22, 'Payee', 503);

-- Scénario 5 : Attente Rade (Hapag Lloyd)
INSERT INTO RESERVATION (ID_RESERVATION, DATE_DEMANDE, DATE_DEBUT_SOUHAITEE, DATE_FIN_SOUHAITEE, MOTIF, PRIORITE, STATUT, ID_NAVIRE)
VALUES (50, SYSTIMESTAMP-1, SYSTIMESTAMP+1, SYSTIMESTAMP+2, 'Transbordement', 'Basse', 'En attente', 401);

-- Scénario 6 : Panne Technique (Balearia)
INSERT INTO RESERVATION (ID_RESERVATION, DATE_DEMANDE, DATE_DEBUT_SOUHAITEE, DATE_FIN_SOUHAITEE, MOTIF, PRIORITE, STATUT, ID_NAVIRE)
VALUES (60, SYSTIMESTAMP-3, SYSTIMESTAMP-3, SYSTIMESTAMP-2, 'Escale technique', 'Urgente', 'Confirmee', 500);

INSERT INTO ESCALE (ID_ESCALE, NUM_REFERENCE, DATE_ARRIVEE_PREVUE, DATE_ARRIVEE_REELLE, DATE_DEPART_PREVUE, DATE_DEPART_REELLE, STATUT_ESCALE, TIRANT_EAU_ENTREE, TIRANT_EAU_SORTIE, ID_NAVIRE, ID_QUAI, ID_RESERVATION)
VALUES (504, 'ESC-PANNE-001', SYSTIMESTAMP-3, SYSTIMESTAMP-3, SYSTIMESTAMP-2, NULL, 'Incident', 6.5, NULL, 500, 3, 60);

-- Scénario 7 : L'export Dacia (RoRo)
INSERT INTO RESERVATION (ID_RESERVATION, DATE_DEMANDE, DATE_DEBUT_SOUHAITEE, DATE_FIN_SOUHAITEE, MOTIF, PRIORITE, STATUT, ID_NAVIRE)
VALUES (70, SYSTIMESTAMP-2, SYSTIMESTAMP+1, SYSTIMESTAMP+2, 'Export Vehicules Dacia', 'Haute', 'Confirmee', 700);

INSERT INTO ESCALE (ID_ESCALE, NUM_REFERENCE, DATE_ARRIVEE_PREVUE, DATE_ARRIVEE_REELLE, DATE_DEPART_PREVUE, DATE_DEPART_REELLE, STATUT_ESCALE, TIRANT_EAU_ENTREE, TIRANT_EAU_SORTIE, ID_NAVIRE, ID_QUAI, ID_RESERVATION)
VALUES (507, 'ESC-2024-AUTO-EXP', SYSTIMESTAMP+1, NULL, SYSTIMESTAMP+2, NULL, 'Prevue', NULL, NULL, 700, 2, 70);

-- Scénario 8 : Import de Blé (Vrac)
INSERT INTO RESERVATION (ID_RESERVATION, DATE_DEMANDE, DATE_DEBUT_SOUHAITEE, DATE_FIN_SOUHAITEE, MOTIF, PRIORITE, STATUT, ID_NAVIRE)
VALUES (80, SYSTIMESTAMP-15, SYSTIMESTAMP, SYSTIMESTAMP+3, 'Import Ble Tendre', 'Normale', 'Confirmee', 701);

INSERT INTO ESCALE (ID_ESCALE, NUM_REFERENCE, DATE_ARRIVEE_PREVUE, DATE_ARRIVEE_REELLE, DATE_DEPART_PREVUE, DATE_DEPART_REELLE, STATUT_ESCALE, TIRANT_EAU_ENTREE, TIRANT_EAU_SORTIE, ID_NAVIRE, ID_QUAI, ID_RESERVATION)
VALUES (508, 'ESC-2024-CEREALE', SYSTIMESTAMP, SYSTIMESTAMP, SYSTIMESTAMP+3, NULL, 'En cours', 13.0, NULL, 701, 4, 80);

-- ============================================================
-- 6. CARGAISONS & CONTENEURS
-- ============================================================

-- Cargaisons CMA CGM
INSERT INTO CARGAISON (ID_CARGAISON, LIBELLE, POIDS_TOTAL, EST_DANGEREUX, ID_NAVIRE) VALUES (50, 'Pieces Automobiles Renault', 500.0, 0, 100);
INSERT INTO CARGAISON (ID_CARGAISON, LIBELLE, POIDS_TOTAL, EST_DANGEREUX, ID_NAVIRE) VALUES (51, 'Produits Chimiques Industriels', 100.0, 1, 100);

-- Conteneurs CMA CGM
INSERT INTO CONTENEUR (ID_CONTENEUR, TYPE_CONTENEUR, TAILLE_PIEDS, EST_REFRIGERE, ID_CARGAISON) VALUES (1, 'Standard', 40, 0, 50);
INSERT INTO CONTENEUR (ID_CONTENEUR, TYPE_CONTENEUR, TAILLE_PIEDS, EST_REFRIGERE, ID_CARGAISON) VALUES (2, 'Tank', 20, 0, 51);

-- Cargaison Agrumes Maersk
INSERT INTO CARGAISON (ID_CARGAISON, LIBELLE, POIDS_TOTAL, EST_DANGEREUX, ID_NAVIRE) VALUES (60, 'Oranges Marocaines (Export)', 2000.0, 0, 400);

-- Conteneurs Maersk
INSERT INTO CONTENEUR (ID_CONTENEUR, TYPE_CONTENEUR, TAILLE_PIEDS, EST_REFRIGERE, ID_CARGAISON) VALUES (10, 'Reefer', 40, 1, 60);
INSERT INTO CONTENEUR (ID_CONTENEUR, TYPE_CONTENEUR, TAILLE_PIEDS, EST_REFRIGERE, ID_CARGAISON) VALUES (11, 'Reefer', 40, 1, 60);
INSERT INTO CONTENEUR (ID_CONTENEUR, TYPE_CONTENEUR, TAILLE_PIEDS, EST_REFRIGERE, ID_CARGAISON) VALUES (12, 'Reefer', 40, 1, 60);

-- Cargaison Pétrole Titan
INSERT INTO CARGAISON (ID_CARGAISON, LIBELLE, POIDS_TOTAL, EST_DANGEREUX, ID_NAVIRE) VALUES (70, 'Petrole Brut', 150000.0, 1, 402);

-- Cargaison (Voitures)
INSERT INTO CARGAISON (ID_CARGAISON, LIBELLE, POIDS_TOTAL, EST_DANGEREUX, ID_NAVIRE) 
VALUES (80, '1500 Vehicules Dacia Sandero', 2500.0, 0, 700);
-- Pas de conteneur pour les voitures, elles roulent (RoRo)

-- Cargaison Vrac
INSERT INTO CARGAISON (ID_CARGAISON, LIBELLE, POIDS_TOTAL, EST_DANGEREUX, ID_NAVIRE) 
VALUES (90, 'Ble Tendre Import USA', 60000.0, 0, 701);

-- ============================================================
-- 7. OPÉRATIONS & AFFECTATIONS
-- ============================================================

-- OP 1: Déchargement Chimique CMA CGM
INSERT INTO OPERATION (ID_OPERATION, LIBELLE, TYPE_OPERATION, DATE_OPERATION, COUT_MATERIEL, ID_ESCALE, ID_CARGAISON)
VALUES (1, 'Dechargement Zone A', 'Manutention', SYSTIMESTAMP-2, 1500.00, 500, 51);
INSERT INTO AFFECTATION (ID_EMPLOYE, ID_OPERATION, DATE_AFFECTATION, ROLE, HEURES_TRAVAILLEES) VALUES (4, 1, SYSTIMESTAMP-2, 'Grutier Principal', 4.5);
INSERT INTO AFFECTATION (ID_EMPLOYE, ID_OPERATION, DATE_AFFECTATION, ROLE, HEURES_TRAVAILLEES) VALUES (5, 1, SYSTIMESTAMP-2, 'Signaleur', 4.5);

-- OP 2: Pilotage CMA CGM
INSERT INTO OPERATION (ID_OPERATION, LIBELLE, TYPE_OPERATION, DATE_OPERATION, COUT_MATERIEL, ID_ESCALE, ID_CARGAISON)
VALUES (2, 'Pilotage Entree Port', 'Pilotage', SYSTIMESTAMP-2, 500.00, 500, NULL);

-- OP 10: Chargement Frigos Maersk
INSERT INTO OPERATION (ID_OPERATION, LIBELLE, TYPE_OPERATION, DATE_OPERATION, COUT_MATERIEL, ID_ESCALE, ID_CARGAISON)
VALUES (10, 'Chargement Frigos Quai 1', 'Chargement', SYSTIMESTAMP, 5000.00, 502, 60);
INSERT INTO AFFECTATION (ID_EMPLOYE, ID_OPERATION, DATE_AFFECTATION, ROLE, HEURES_TRAVAILLEES) VALUES (9, 10, SYSTIMESTAMP, 'Lamaneur', 2.0);

-- OP 20: Réparation Balearia
INSERT INTO OPERATION (ID_OPERATION, LIBELLE, TYPE_OPERATION, DATE_OPERATION, COUT_MATERIEL, ID_ESCALE, ID_CARGAISON)
VALUES (20, 'Reparation Moteur Principal', 'Maintenance', SYSTIMESTAMP-2, 0.00, 504, NULL);
INSERT INTO AFFECTATION (ID_EMPLOYE, ID_OPERATION, DATE_AFFECTATION, ROLE, HEURES_TRAVAILLEES) VALUES (8, 20, SYSTIMESTAMP-2, 'Chef Mecanicien', 8.0);

--OP 30: Opération de déchargement continu (Equipe de Nuit)
INSERT INTO OPERATION (ID_OPERATION, LIBELLE, TYPE_OPERATION, DATE_OPERATION, COUT_MATERIEL, ID_ESCALE, ID_CARGAISON)
VALUES (30, 'Dechargement Silo 1', 'Manutention', SYSTIMESTAMP, 2000.00, 508, 90);
INSERT INTO AFFECTATION (ID_EMPLOYE, ID_OPERATION, DATE_AFFECTATION, ROLE, HEURES_TRAVAILLEES) VALUES (21, 30, SYSTIMESTAMP, 'Operateur Portique', 6.0);
INSERT INTO AFFECTATION (ID_EMPLOYE, ID_OPERATION, DATE_AFFECTATION, ROLE, HEURES_TRAVAILLEES) VALUES (22, 30, SYSTIMESTAMP, 'Surveillant Tapis', 6.0);

-- ============================================================
-- 8. PASSAGERS & BILLETS
-- ============================================================

-- Passagers
INSERT INTO PASSAGER (ID_PASSAGER, NOM, PRENOM, NUM_PASSEPORT, NATIONALITE, TELEPHONE, EMAIL) VALUES (1, 'BENNANI', 'Fatima', 'P12345678', 'Marocaine', '+33612345678', 'f.bennani@gmail.com');
INSERT INTO PASSAGER (ID_PASSAGER, NOM, PRENOM, NUM_PASSEPORT, NATIONALITE, TELEPHONE, EMAIL) VALUES (2, 'DUPONT', 'Jean', 'FR98765432', 'Francaise', '+33698765432', 'j.dupont@orange.fr');
INSERT INTO PASSAGER (ID_PASSAGER, NOM, PRENOM, NUM_PASSEPORT, NATIONALITE, TELEPHONE, EMAIL) VALUES (10, 'SLAOUI', 'Anas', 'P888777', 'Marocaine', '+2126000000', 'anas@mail.com');
INSERT INTO PASSAGER (ID_PASSAGER, NOM, PRENOM, NUM_PASSEPORT, NATIONALITE, TELEPHONE, EMAIL) VALUES (11, 'GARCIA', 'Maria', 'ES999888', 'Espagnole', '+346000000', 'maria@mail.es');
INSERT INTO PASSAGER (ID_PASSAGER, NOM, PRENOM, NUM_PASSEPORT, NATIONALITE, TELEPHONE, EMAIL) VALUES (12, 'MULLER', 'Hans', 'DE111222', 'Allemande', '+491500000', NULL);
INSERT INTO PASSAGER (ID_PASSAGER, NOM, PRENOM, NUM_PASSEPORT, NATIONALITE, TELEPHONE, EMAIL) VALUES (30, 'EL IDRISSI', 'Mohamed', 'K111222', 'Marocaine', '+212611111111', 'mohamed.id@mail.com');
INSERT INTO PASSAGER (ID_PASSAGER, NOM, PRENOM, NUM_PASSEPORT, NATIONALITE, TELEPHONE, EMAIL) VALUES (31, 'EL IDRISSI', 'Samira', 'K111223', 'Marocaine', '+212622222222', NULL);
INSERT INTO PASSAGER (ID_PASSAGER, NOM, PRENOM, NUM_PASSEPORT, NATIONALITE, TELEPHONE, EMAIL) VALUES (32, 'EL IDRISSI', 'Adam', 'K111224', 'Marocaine', NULL, NULL); -- Enfant

-- Billets GNV
INSERT INTO BILLET (ID_BILLET, NUM_TICKET, PRIX, TYPE_CLASSE, NUM_CABINE, DATE_VOYAGE, ID_PASSAGER, ID_NAVIRE) VALUES (1, 'TKT-GNV-001', 1200.00, 'Eco', 'A-102', SYSTIMESTAMP, 1, 200);
INSERT INTO BILLET (ID_BILLET, NUM_TICKET, PRIX, TYPE_CLASSE, NUM_CABINE, DATE_VOYAGE, ID_PASSAGER, ID_NAVIRE) VALUES (2, 'TKT-GNV-002', 2500.00, 'VIP', 'VIP-01', SYSTIMESTAMP, 2, 200);

-- Billets Balearia
INSERT INTO BILLET (ID_BILLET, NUM_TICKET, PRIX, TYPE_CLASSE, NUM_CABINE, DATE_VOYAGE, ID_PASSAGER, ID_NAVIRE) VALUES (10, 'TKT-BAL-100', 800.00, 'Eco', NULL, SYSTIMESTAMP-3, 10, 500);
INSERT INTO BILLET (ID_BILLET, NUM_TICKET, PRIX, TYPE_CLASSE, NUM_CABINE, DATE_VOYAGE, ID_PASSAGER, ID_NAVIRE) VALUES (11, 'TKT-BAL-101', 800.00, 'Eco', NULL, SYSTIMESTAMP-3, 11, 500);
INSERT INTO BILLET (ID_BILLET, NUM_TICKET, PRIX, TYPE_CLASSE, NUM_CABINE, DATE_VOYAGE, ID_PASSAGER, ID_NAVIRE) VALUES (12, 'TKT-BAL-102', 1500.00, 'Premiere', 'A-10', SYSTIMESTAMP-3, 12, 500);

-- Billets groupés
INSERT INTO BILLET (ID_BILLET, NUM_TICKET, PRIX, TYPE_CLASSE, NUM_CABINE, DATE_VOYAGE, ID_PASSAGER, ID_NAVIRE) VALUES (30, 'TKT-GNV-FAM-1', 900.00, 'Eco', 'B-20', SYSTIMESTAMP, 30, 200);
INSERT INTO BILLET (ID_BILLET, NUM_TICKET, PRIX, TYPE_CLASSE, NUM_CABINE, DATE_VOYAGE, ID_PASSAGER, ID_NAVIRE) VALUES (31, 'TKT-GNV-FAM-2', 900.00, 'Eco', 'B-20', SYSTIMESTAMP, 31, 200);
INSERT INTO BILLET (ID_BILLET, NUM_TICKET, PRIX, TYPE_CLASSE, NUM_CABINE, DATE_VOYAGE, ID_PASSAGER, ID_NAVIRE) VALUES (32, 'TKT-GNV-FAM-3', 450.00, 'Eco', 'B-20', SYSTIMESTAMP, 32, 200); -- Tarif enfant

COMMIT;
-- ============================================================
-- 3. RÉINITIALISATION DES SÉQUENCES
-- ============================================================
-- Cette section permet de dire à Oracle de reprendre la numérotation
-- automatique APRÈS les IDs insérés manuellement ci-dessus.
-- ============================================================

-- 1. EMPLOYE (Max ID utilisé : 22 -> On repart à 100)
ALTER TABLE EMPLOYE MODIFY ID_EMPLOYE GENERATED BY DEFAULT AS IDENTITY (START WITH 100);

-- 2. NAVIRE (Max ID utilisé : 701 -> On repart à 1000)
ALTER TABLE NAVIRE MODIFY ID_NAVIRE GENERATED BY DEFAULT AS IDENTITY (START WITH 1000);

-- 3. ESCALE (Max ID utilisé : 508 -> On repart à 1000)
ALTER TABLE ESCALE MODIFY ID_ESCALE GENERATED BY DEFAULT AS IDENTITY (START WITH 1000);

-- 4. RESERVATION (Max ID utilisé : 80 -> On repart à 1000 pour harmoniser)
ALTER TABLE RESERVATION MODIFY ID_RESERVATION GENERATED BY DEFAULT AS IDENTITY (START WITH 1000);

-- 5. OPERATION (Max ID utilisé : 30 -> On repart à 1000)
ALTER TABLE OPERATION MODIFY ID_OPERATION GENERATED BY DEFAULT AS IDENTITY (START WITH 1000);

-- 6. FACTURE (Max ID utilisé : 1001 -> On repart à 2000)
ALTER TABLE FACTURE MODIFY ID_FACTURE GENERATED BY DEFAULT AS IDENTITY (START WITH 2000);

-- 7. CARGAISON (Max ID utilisé : 90 -> On repart à 1000)
ALTER TABLE CARGAISON MODIFY ID_CARGAISON GENERATED BY DEFAULT AS IDENTITY (START WITH 1000);

-- 8. CONTENEUR (Max ID utilisé : 12 -> On repart à 1000)
ALTER TABLE CONTENEUR MODIFY ID_CONTENEUR GENERATED BY DEFAULT AS IDENTITY (START WITH 1000);

-- 9. PASSAGER (Max ID utilisé : 32 -> On repart à 1000)
ALTER TABLE PASSAGER MODIFY ID_PASSAGER GENERATED BY DEFAULT AS IDENTITY (START WITH 1000);

-- 10. BILLET (Max ID utilisé : 32 -> On repart à 1000)
ALTER TABLE BILLET MODIFY ID_BILLET GENERATED BY DEFAULT AS IDENTITY (START WITH 1000);

-- 11. QUAI (Max ID utilisé : 5 -> On repart à 100)
ALTER TABLE QUAI MODIFY ID_QUAI GENERATED BY DEFAULT AS IDENTITY (START WITH 100);

-- 12. ZONE_PECHE (Max ID utilisé : 4 -> On repart à 100)
ALTER TABLE ZONE_PECHE MODIFY ID_ZONE GENERATED BY DEFAULT AS IDENTITY (START WITH 100);

COMMIT;